
{
    "items" : [
        {
            "name" : "setting.json",
            "version" : "48474cac0b371132d46ef8666e155688",
            "size"    : 327
        },
        {
            "name" : "ab/audios.ab",
            "version" : "2f1f061b5036150d226208fc03dc4266",
            "size"    : 1465639
        },
        {
            "name" : "ab/manifest.ab",
            "version" : "8f788affc90aef0272a2a9aa8be2f190",
            "size"    : 1615
        },
        {
            "name" : "ab/root_assets.ab",
            "version" : "9ca75587cb34659baa04cf914695b2a0",
            "size"    : 170508
        },
        {
            "name" : "ab/roushan.ab",
            "version" : "d66495b971d37380ea5072af99704527",
            "size"    : 1177357
        },
        {
            "name" : "configs/read_me.txt",
            "version" : "6be53db955f8d95d1e441e7956fa36b7",
            "size"    : 117
        },
        {
            "name" : "configs/tests/test.json",
            "version" : "9e84f4946537d122deccc06faed2ef98",
            "size"    : 191
        },
        {
            "name" : "dll/scripts.dll",
            "version" : "e7ace3ce9e481d6db2875ec98d44faed",
            "size"    : 33280
        },
        {
            "name" : "dll/scripts.pdb",
            "version" : "218cb38d4e29e819c557c471fc7d12b3",
            "size"    : 12472
        }
    ]
}