{"items":[{"name":"ab/manifest.ab","version":"4d3c71e6de91a95df0d9ca1d9a0e9684","size":0},{"name":"setting.json","version":"bd49124712a187f2d6928989db344063","size":0},{"name":"ab/hot_res.ab","version":"7586cd89ad040885fdcc4e54788ae4ba","size":0},{"name":"ab/auto_depends/cross_0.ab","version":"b62ec48ba9335dc403ca9f6f906e3fec","size":0},{"name":"ab/auto_depends/cross_1.ab","version":"9f0d75dbad33e240a94cbc7537593fe5","size":0},{"name":"ab/hot_res/audios.ab","version":"135b9f933201e4c385099cdd8bd01376","size":0},{"name":"ab/hot_res/prefabs/panels.ab","version":"4d9f20b95fee21ad6499cb0811df484c","size":0},{"name":"ab/hot_res/prefabs/stages.ab","version":"fc306bd5aa7c092fd8930b551443906a","size":0},{"name":"ab/hot_res/prefabs/stages/gamestage.ab","version":"08e567c846482c6eccceef9e574febb9","size":0},{"name":"ab/hot_res/prefabs/wins.ab","version":"6c38fe15c3fcd2504e9bed3abadd3795","size":0},{"name":"dll/ILProject.dll","version":"b196be92629ad2ded7fc40eee5a9bba1","size":0},{"name":"dll/ILProject.pdb","version":"133a5732e4e1a5897bfd7972232e9cb2","size":0}]}